date,ticker,close,volume
2022-01-03,AAPL,148.38036164729223,4714363
2022-01-04,AAPL,149.8676307047421,4450394
2022-01-05,AAPL,150.29232448781977,2229392
2022-01-06,AAPL,148.04544395317384,3056828
2022-01-07,AAPL,147.19132598861339,4382309
2022-01-10,AAPL,149.64227959448118,3688335
2022-01-11,AAPL,146.05464767033473,4262344
2022-01-12,AAPL,145.4295423775351,1556831
2022-01-13,AAPL,147.2822902455854,3191104
2022-01-14,AAPL,146.01125139139,4968520
2022-01-17,AAPL,145.02335835461125,2951025
2022-01-18,AAPL,144.88607324811218,4329478
2022-01-19,AAPL,147.06308260861522,1138987
2022-01-20,AAPL,146.12648878171797,1009124
2022-01-21,AAPL,145.47915162671475,4078887
2022-01-24,AAPL,144.84863140346945,1860914
2022-01-25,AAPL,148.07939411145438,1080748
2022-01-26,AAPL,151.35323923478654,2565179
2022-01-27,AAPL,152.8805620740684,2194494
2022-01-28,AAPL,153.47210751059905,4002501
2022-01-31,AAPL,154.60794511251908,1067748
2022-02-01,AAPL,156.9300000748799,2369213
2022-02-02,AAPL,155.46824644543108,4197734
2022-02-03,AAPL,157.30707680734733,2768067
2022-02-04,AAPL,155.34694829962592,2081264
2022-02-07,AAPL,154.3593732873449,4376548
2022-02-08,AAPL,155.76594508070167,4134665
2022-02-09,AAPL,153.55636856587407,1704393
2022-02-10,AAPL,153.34143468836174,2129584
2022-02-11,AAPL,152.02568477970553,2580898
2022-02-14,AAPL,151.6375739358053,3354695
2022-02-15,AAPL,147.4526932524621,4056150
2022-02-16,AAPL,144.8635217071245,4013744
2022-02-17,AAPL,143.85319454640822,3835699
2022-02-18,AAPL,145.19358508384522,3426694
2022-02-21,AAPL,144.94169595900397,2805684
2022-02-22,AAPL,144.9458209364668,2893566
2022-02-23,AAPL,145.94681156637623,4589697
2022-02-24,AAPL,144.66878491047575,4950885
2022-02-25,AAPL,145.0796875541307,3241171
2022-02-28,AAPL,143.91595676522846,1935838
2022-03-01,AAPL,141.45091984272855,3297501
2022-03-02,AAPL,140.89906778577847,1039087
2022-03-03,AAPL,141.7098789130147,3518744
2022-03-04,AAPL,142.19050626382278,3519049
2022-03-07,AAPL,142.173685418844,2524411
2022-03-08,AAPL,145.6160116137076,1596048
2022-03-09,AAPL,146.2185208940127,2634184
2022-03-10,AAPL,147.6566404221059,2462122
2022-03-11,AAPL,150.99866785718302,3995001
2022-03-14,AAPL,149.05720544230874,3623391
2022-03-15,AAPL,147.51683123011333,2180759
2022-03-16,AAPL,150.11165765641445,1903567
2022-03-17,AAPL,148.91844010077347,4718411
2022-03-18,AAPL,148.96265046552028,4271074
2022-03-21,AAPL,150.564078780378,1568564
2022-03-22,AAPL,151.91115298516428,4553642
2022-03-23,AAPL,154.60054972456578,3294702
2022-03-24,AAPL,156.93020200874795,3934253
2022-03-25,AAPL,158.6174074320974,3739856
2022-03-28,AAPL,157.39648008347413,1368412
2022-03-29,AAPL,158.65255135159586,1138808
2022-03-30,AAPL,159.1519361913904,1572707
2022-03-31,AAPL,157.0550946114343,2406434
2022-04-01,AAPL,159.2968838724739,4027139
2022-04-04,AAPL,160.5879906493054,1138246
2022-04-05,AAPL,160.66105887387275,2074834
2022-04-06,AAPL,160.28700681273145,3832878
2022-04-07,AAPL,158.3777479568768,2457691
2022-04-08,AAPL,158.69406515074823,1226920
2022-04-11,AAPL,159.43919410735217,2822933
2022-04-12,AAPL,158.11949925071977,3817940
2022-04-13,AAPL,159.96789070818798,1074244
2022-04-14,AAPL,158.22231192157838,2096812
2022-04-15,AAPL,154.8985022221972,4950768
2022-04-18,AAPL,156.51742552103596,4142142
2022-04-19,AAPL,155.88735897429268,3206175
2022-04-20,AAPL,155.6910185317328,2017595
2022-04-21,AAPL,154.39252535439982,3075520
2022-04-22,AAPL,151.93284255164036,3061247
2022-04-25,AAPL,153.85198004281742,2200595
2022-04-26,AAPL,152.7957835530114,4128731
2022-04-27,AAPL,155.35484246635903,1035704
2022-04-28,AAPL,156.614111077197,1032043
2022-04-29,AAPL,156.12193039940948,4058037
2022-05-02,AAPL,154.4357702046149,4527599
2022-05-03,AAPL,153.30871954166219,1987620
2022-05-04,AAPL,151.46104026184705,3089467
2022-05-05,AAPL,154.65542310690293,4273867
2022-05-06,AAPL,154.9099496031727,4000337
2022-05-09,AAPL,156.70201891261206,2281652
2022-05-10,AAPL,154.72858426137006,2892652
2022-05-11,AAPL,155.00895105903683,1806450
2022-05-12,AAPL,156.84553748824948,2087985
2022-05-13,AAPL,156.32096723207215,3537476
2022-05-16,AAPL,157.94115396255927,3854302
2022-05-17,AAPL,156.23743060578698,1459457
2022-05-18,AAPL,154.12163461364966,1469804
2022-05-19,AAPL,154.70748369346663,3935354
2022-05-20,AAPL,154.12198012007295,2474248
2022-05-23,AAPL,155.11471104805847,4032961
2022-05-24,AAPL,152.07685760098582,4533137
2022-05-25,AAPL,153.16391403998713,1377527
2022-05-26,AAPL,157.19573063117403,4868450
2022-05-27,AAPL,157.15702440582726,2037227
2022-05-30,AAPL,157.21069032051236,1203416
2022-05-31,AAPL,157.49321486456088,1348943
2022-06-01,AAPL,154.58786187996094,3062649
2022-06-02,AAPL,155.24803851994287,2684776
2022-06-03,AAPL,152.7755711016001,2579307
2022-06-06,AAPL,152.12357637110483,3625133
2022-06-07,AAPL,154.02607226042772,2014419
2022-06-08,AAPL,152.89779917022815,1334394
2022-06-09,AAPL,153.66612183977014,2984195
2022-06-10,AAPL,155.23026564722133,4480436
2022-06-13,AAPL,155.66355942144943,2510643
2022-06-14,AAPL,153.54405409463504,3017619
2022-06-15,AAPL,153.0344057747957,2980351
2022-06-16,AAPL,156.06254929093615,1915750
2022-06-17,AAPL,152.9339954846934,1029070
2022-06-20,AAPL,152.51280597253972,2501585
2022-06-21,AAPL,151.6730906617555,3145990
2022-06-22,AAPL,151.85634253289365,4837890
2022-06-23,AAPL,152.99681668571492,4206343
2022-06-24,AAPL,155.47796616332508,1543516
2022-06-27,AAPL,155.0583815184625,4127751
2022-06-28,AAPL,156.32311485799033,1446592
2022-06-29,AAPL,157.10627948275777,3615658
2022-06-30,AAPL,157.85327916000597,4164277
2022-07-01,AAPL,156.96561197835047,1932052
2022-07-04,AAPL,155.4079406379686,2181926
2022-07-05,AAPL,153.70775482383957,4831852
2022-07-06,AAPL,152.5494386630472,4754561
2022-07-07,AAPL,153.04095988381357,2727777
2022-07-08,AAPL,154.2099662719164,3576788
2022-07-11,AAPL,154.70959510927517,4602607
2022-07-12,AAPL,153.86263574285894,2921184
2022-07-13,AAPL,156.66659205170924,1853879
2022-07-14,AAPL,159.06431002410756,4313766
2022-07-15,AAPL,158.50221767803964,2025976
2022-07-18,AAPL,157.20241945615874,3737350
2022-07-19,AAPL,157.40725384815062,1738830
2022-07-20,AAPL,159.41476757257942,1123336
2022-07-21,AAPL,159.94612768749113,4494557
2022-07-22,AAPL,160.83878752893233,1321323
2022-07-25,AAPL,160.49804188627917,3431602
2022-07-26,AAPL,161.23202093180657,3000566
2022-07-27,AAPL,163.74165246070146,1022779
2022-07-28,AAPL,163.34968473723626,4999220
2022-07-29,AAPL,163.58394528313826,3082789
2022-08-01,AAPL,163.99967566216915,1490856
2022-08-02,AAPL,164.46564504946792,4770278
2022-08-03,AAPL,162.15988856462616,3455343
2022-08-04,AAPL,159.144744104358,4794772
2022-08-05,AAPL,157.53026171484197,3838402
2022-08-08,AAPL,157.7950439307497,3557348
2022-08-09,AAPL,158.6714262195802,2576956
2022-08-10,AAPL,157.8316275966604,4823888
2022-08-11,AAPL,160.02041350895095,3775632
2022-08-12,AAPL,159.79146666033984,4091957
2022-08-15,AAPL,159.82393318972373,4116746
2022-08-16,AAPL,159.51423295321848,1135369
2022-08-17,AAPL,159.72816809680126,1458953
2022-08-18,AAPL,160.85738447821777,3229784
2022-08-19,AAPL,161.93170885983255,3394639
2022-08-22,AAPL,160.4833929822509,3970294
2022-08-23,AAPL,162.94734380340032,4063354
2022-08-24,AAPL,161.17276108444952,1650341
2022-08-25,AAPL,161.3005040473698,2648885
2022-08-26,AAPL,160.85850767996183,3444478
2022-08-29,AAPL,159.17993475951212,2097779
2022-08-30,AAPL,159.0604027587764,3317592
2022-08-31,AAPL,157.88641528681003,3609548
2022-09-01,AAPL,158.00156789189725,4698026
2022-09-02,AAPL,158.63973534821932,4438159
2022-09-05,AAPL,160.99207008581968,1646513
2022-09-06,AAPL,161.48769564964508,2903464
2022-09-07,AAPL,160.5036523569658,2553747
2022-09-08,AAPL,159.87631744307419,2735195
2022-09-09,AAPL,160.1002659872553,1695483
2022-09-12,AAPL,160.24996696881072,3567175
2022-09-13,AAPL,162.60611147592533,2189368
2022-09-14,AAPL,164.8909442856653,2493406
2022-09-15,AAPL,164.30015236402085,3164725
2022-09-16,AAPL,163.4012007799592,2914075
2022-09-19,AAPL,159.27591058896397,2070556
2022-09-20,AAPL,158.40400781768463,1861801
2022-09-21,AAPL,156.86227701106242,3476349
2022-09-22,AAPL,156.3066775709721,4677796
2022-09-23,AAPL,156.91994984522486,2253289
2022-09-26,AAPL,157.19824644663433,1079611
2022-09-27,AAPL,157.15114432319692,4343315
2022-09-28,AAPL,157.46510309319143,2414084
2022-09-29,AAPL,157.26663678850267,2354842
2022-09-30,AAPL,157.57678726480472,3040420
2022-10-03,AAPL,152.5667686691301,3628900
2022-10-04,AAPL,152.1564689966885,2174558
2022-10-05,AAPL,151.98789590318341,1976032
2022-10-06,AAPL,151.4701034174751,4045103
2022-10-07,AAPL,151.14033947350117,3172511
2022-10-10,AAPL,152.20707159345883,1443216
2022-10-11,AAPL,151.29943001566718,4019690
2022-10-12,AAPL,154.66598783231353,4231510
2022-10-13,AAPL,155.73422116997983,2862639
2022-10-14,AAPL,155.7243989316517,2286060
2022-10-17,AAPL,155.4029076172787,1012328
2022-10-18,AAPL,155.26850761986367,2078500
2022-10-19,AAPL,153.85380829050504,3084602
2022-10-20,AAPL,153.70740525902684,1480120
2022-10-21,AAPL,154.13635989678622,1978512
2022-10-24,AAPL,155.03223773208327,1599663
2022-10-25,AAPL,155.9335536627735,1692109
2022-10-26,AAPL,155.50551589556136,3234255
2022-10-27,AAPL,153.3189482207076,2837180
2022-10-28,AAPL,152.29651150164264,4200279
2022-10-31,AAPL,154.77172425624727,1908774
2022-11-01,AAPL,156.16480122819158,2722050
2022-11-02,AAPL,156.74308498709323,1945958
2022-11-03,AAPL,155.55433956858204,4011604
2022-11-04,AAPL,155.56000986867272,3286140
2022-11-07,AAPL,153.6189039713019,1366482
2022-11-08,AAPL,152.77336017276895,2126095
2022-11-09,AAPL,152.39921368572703,3540827
2022-11-10,AAPL,151.84907263762435,2682500
2022-11-11,AAPL,153.30863376352625,4727751
2022-11-14,AAPL,151.14896059382238,2101198
2022-11-15,AAPL,149.84651274194096,1876021
2022-11-16,AAPL,147.80068484897328,1780488
2022-11-17,AAPL,145.98313626400636,4409809
2022-11-18,AAPL,146.16434933186716,1164371
2022-11-21,AAPL,143.84369571517016,4262691
2022-11-22,AAPL,144.93218616726352,3702394
2022-11-23,AAPL,144.5749117521193,4228395
2022-11-24,AAPL,144.67439663623807,4972761
2022-11-25,AAPL,145.14183610578957,4467201
2022-11-28,AAPL,144.51304483485907,4965861
2022-11-29,AAPL,146.0128419364689,4991429
2022-11-30,AAPL,145.7293521581859,2449986
2022-12-01,AAPL,146.59766352859913,3104212
2022-12-02,AAPL,146.30605983355395,2101270
2022-12-05,AAPL,146.73224622189406,1261721
2022-12-06,AAPL,147.143175880261,3175792
2022-12-07,AAPL,147.51144968305962,1018937
2022-12-08,AAPL,146.08121281878533,1604949
2022-12-09,AAPL,146.71933513076192,4561555
2022-12-12,AAPL,146.25210907818138,2923500
2022-12-13,AAPL,147.17712411056095,4120413
2022-12-14,AAPL,144.04299809927574,2869819
2022-12-15,AAPL,141.94798542818742,1224671
2022-12-16,AAPL,142.4648277330508,3711919
2022-12-19,AAPL,145.143719741742,2215233
2022-12-20,AAPL,146.3608297881934,2641391
2022-12-21,AAPL,145.3653894972442,1164199
2022-12-22,AAPL,142.92642339577708,2357669
2022-12-23,AAPL,143.99186981325988,1032029
2022-12-26,AAPL,143.8758832642101,1304799
2022-12-27,AAPL,144.72827926618953,1545562
2022-12-28,AAPL,144.89524535925025,3079243
2022-12-29,AAPL,144.93820291495874,4532717
2022-12-30,AAPL,149.2904472999667,4414486
2023-01-02,AAPL,149.28129613418676,3164558
2023-01-03,AAPL,149.0437620028411,2928379
2023-01-04,AAPL,148.86286020177243,2754722
2023-01-05,AAPL,147.99672033480425,1603624
2023-01-06,AAPL,149.46936307501593,2358129
2023-01-09,AAPL,148.94154286932653,2543402
2023-01-10,AAPL,149.8917439116288,2475522
2023-01-11,AAPL,150.31894798575215,4237710
2023-01-12,AAPL,152.16252837346102,3044484
2023-01-13,AAPL,152.8032293767589,2780315
2023-01-16,AAPL,150.9603415177932,1005543
2023-01-17,AAPL,148.97109375996254,1630409
2023-01-18,AAPL,151.0840005199609,1640685
2023-01-19,AAPL,150.1671292650408,1151509
2023-01-20,AAPL,148.19705533704203,2166722
2023-01-23,AAPL,147.20801538341053,2583281
2023-01-24,AAPL,149.08146626922047,2097510
2023-01-25,AAPL,146.9791558852197,4273445
2023-01-26,AAPL,145.7110903464855,4264611
2023-01-27,AAPL,144.74271005924695,4914667
2023-01-30,AAPL,142.94298638703893,3967361
2023-01-31,AAPL,141.26005887707603,2831093
2023-02-01,AAPL,139.13177436035957,3598840
2023-02-02,AAPL,138.49159348084194,1239320
2023-02-03,AAPL,138.0009457753981,4513509
2023-02-06,AAPL,137.06224381103172,2483773
2023-02-07,AAPL,134.81428688379293,3022094
2023-02-08,AAPL,136.51459583675413,3547348
2023-02-09,AAPL,134.71221331874324,1720979
2023-02-10,AAPL,135.0872798500674,3046348
2023-02-13,AAPL,133.64318114084136,3160202
2023-02-14,AAPL,134.53933229077117,1839747
2023-02-15,AAPL,135.8314682483965,4117748
2023-02-16,AAPL,134.64460846718717,3026913
2023-02-17,AAPL,132.0791838084519,2547725
2023-02-20,AAPL,133.00137855723614,1839481
2023-02-21,AAPL,135.51976525563452,1192677
2023-02-22,AAPL,136.0842860484144,2375353
2023-02-23,AAPL,136.3029372473633,4113867
2023-02-24,AAPL,137.42488740640695,4809485
2023-02-27,AAPL,138.48029524369255,2902647
2023-02-28,AAPL,137.33705427631105,2150719
2023-03-01,AAPL,136.4347722517356,1019853
2023-03-02,AAPL,137.27111020161095,3443608
2023-03-03,AAPL,137.07356376144926,2638674
2023-03-06,AAPL,138.8902147947532,4356795
2023-03-07,AAPL,137.91538955629306,2271416
2023-03-08,AAPL,138.95449106797787,3069585
2023-03-09,AAPL,139.4314185319155,3145014
2023-03-10,AAPL,139.2552362470434,3948602
2023-03-13,AAPL,140.90241929131,4072240
2023-03-14,AAPL,141.86392228232828,1669003
2023-03-15,AAPL,140.44537636010156,4934079
2023-03-16,AAPL,141.34741833488647,2331778
2023-03-17,AAPL,143.3043551120962,4260132
2023-03-20,AAPL,143.11754406080576,3441141
2023-03-21,AAPL,142.76211599404573,1920392
2023-03-22,AAPL,141.80930734488928,3749020
2023-03-23,AAPL,141.79001708098355,4325979
2023-03-24,AAPL,142.76632704280865,1118485
2023-03-27,AAPL,141.6037316086726,3968448
2023-03-28,AAPL,139.71001576085428,1123787
2023-03-29,AAPL,139.1860405357127,1963651
2023-03-30,AAPL,137.27884326129112,2727959
2023-03-31,AAPL,137.9989938225966,2572286
2023-04-03,AAPL,137.41142068196882,1335292
2023-04-04,AAPL,135.02034595285247,3839938
2023-04-05,AAPL,134.55047436012723,2462266
2023-04-06,AAPL,134.2915594175915,3038661
2023-04-07,AAPL,134.89606715023717,1085632
2023-04-10,AAPL,134.70011989988876,1399056
2023-04-11,AAPL,137.24096344457533,1093826
2023-04-12,AAPL,136.5309323525797,3002946
2023-04-13,AAPL,136.44576560659584,1928631
2023-04-14,AAPL,136.30542065838497,2735304
2023-04-17,AAPL,135.9207267333057,2173649
2023-04-18,AAPL,136.1144505468994,3595424
2023-04-19,AAPL,136.85314176408235,3136042
2023-04-20,AAPL,138.69945250481112,1619801
2023-04-21,AAPL,136.53989168493396,2454583
2023-04-24,AAPL,135.8448451465954,4476117
2023-04-25,AAPL,135.2379305563197,2265147
2023-04-26,AAPL,136.51222604200763,2808120
2023-04-27,AAPL,136.02620460255577,4120576
2023-04-28,AAPL,133.47254378355908,1821074
2023-05-01,AAPL,133.58969124484685,2782085
2023-05-02,AAPL,133.54469348457397,1054681
2023-05-03,AAPL,133.78495803707204,1261076
2023-05-04,AAPL,132.40058889189518,1260925
2023-05-05,AAPL,134.69627623111498,4529540
2023-05-08,AAPL,134.26075478222174,2364689
2023-05-09,AAPL,134.00818386495393,3919551
2023-05-10,AAPL,132.80750991483956,2117164
2023-05-11,AAPL,131.57680715929587,3298771
2023-05-12,AAPL,129.97776487072778,2956143
2023-05-15,AAPL,129.46755223514106,4104254
2023-05-16,AAPL,128.23371141387162,3879477
2023-05-17,AAPL,130.8980980318105,2165723
2023-05-18,AAPL,128.4492929512125,3849464
2023-05-19,AAPL,127.00810630463039,1246436
2023-05-22,AAPL,126.49929933612127,1735026
2023-05-23,AAPL,127.35413647959287,4930696
2023-05-24,AAPL,126.82828859228253,2881817
2023-05-25,AAPL,127.68850549535773,4119123
2023-05-26,AAPL,126.43466699518936,4687658
2023-05-29,AAPL,126.50965377094485,3741894
2023-05-30,AAPL,128.73538654266648,1255154
2023-05-31,AAPL,127.49556587767273,2542201
2023-06-01,AAPL,128.03161982846913,2302536
2023-06-02,AAPL,128.29682678173057,3689056
2023-06-05,AAPL,125.44045560562148,2660629
2023-06-06,AAPL,124.70381968246318,1664000
2023-06-07,AAPL,126.12241743673268,3231431
2023-06-08,AAPL,126.29289577585271,2692721
2023-06-09,AAPL,124.77112878893158,3968438
2023-06-12,AAPL,125.63600312833239,2994465
2023-06-13,AAPL,125.03549195195771,1830255
2023-06-14,AAPL,125.48649458299853,3197566
2023-06-15,AAPL,125.96037092859147,2313766
2023-06-16,AAPL,124.55911033385809,3358908
2023-06-19,AAPL,125.5468085311085,3908248
2023-06-20,AAPL,124.2882640048694,4902816
2023-06-21,AAPL,122.67587550088938,4817928
2023-06-22,AAPL,121.59762387310965,2896311
2023-06-23,AAPL,121.17751401398088,2555947
2023-06-26,AAPL,121.31015858465257,4617259
2023-06-27,AAPL,120.37654714259722,2213680
2023-06-28,AAPL,121.27648219799102,4448016
2023-06-29,AAPL,121.58183287727891,3031992
2023-06-30,AAPL,120.74001233613514,2720138
2023-07-03,AAPL,121.81816775655254,1974930
2023-07-04,AAPL,123.24080285739528,1982613
2023-07-05,AAPL,123.11924303508616,3494728
2023-07-06,AAPL,122.85484184816758,4602825
2023-07-07,AAPL,120.69489078516297,4716312
2023-07-10,AAPL,120.20404471588668,1485012
2023-07-11,AAPL,119.85415208478908,2490634
2023-07-12,AAPL,120.14861061530213,4010067
2023-07-13,AAPL,119.94641891771705,1026507
2023-07-14,AAPL,120.23947791723442,4263718
2023-07-17,AAPL,122.09828147974292,1953265
2023-07-18,AAPL,121.45297676239102,1373198
2023-07-19,AAPL,120.85813775237021,4581445
2023-07-20,AAPL,119.2862169057268,1998800
2023-07-21,AAPL,119.27588660991677,3486072
2023-07-24,AAPL,120.44669796440189,1463172
2023-07-25,AAPL,118.35595020445847,4407950
2023-07-26,AAPL,117.57048679760837,2597663
2023-07-27,AAPL,117.61274981567531,2105659
2023-07-28,AAPL,118.61684105059915,4981167
2023-07-31,AAPL,119.0718601439587,3023090
2023-08-01,AAPL,119.46002706856208,2854018
2023-08-02,AAPL,119.19236326801894,2577602
2023-08-03,AAPL,119.76810664843167,1505550
2023-08-04,AAPL,120.9891010340369,4670191
2023-08-07,AAPL,118.93897538353461,4536991
2023-08-08,AAPL,119.80865202910799,2957509
2023-08-09,AAPL,119.69038764540282,4232772
2023-08-10,AAPL,119.05771993446149,1788334
2023-08-11,AAPL,116.18429253061707,4452431
2023-08-14,AAPL,114.59155905904242,3536685
2023-08-15,AAPL,116.55400593061422,4695668
2023-08-16,AAPL,115.75423161019108,4827472
2023-08-17,AAPL,114.50535182972955,3323238
2023-08-18,AAPL,113.98391058464135,3885508
2023-08-21,AAPL,113.13771924254735,2700439
2023-08-22,AAPL,113.27850328358416,4080026
2023-08-23,AAPL,115.01000839539881,4191064
2023-08-24,AAPL,114.33731632959982,4765780
2023-08-25,AAPL,114.51386359517387,4159661
2023-08-28,AAPL,113.20762517302292,4743879
2023-08-29,AAPL,114.94171664501458,1532141
2023-08-30,AAPL,115.15921193845242,1965665
2023-08-31,AAPL,113.92011205584961,2429794
2023-09-01,AAPL,114.95497080889992,4252505
2023-09-04,AAPL,116.3427260531199,4051363
2023-09-05,AAPL,116.53072051136351,1762658
2023-09-06,AAPL,114.63589371751402,3770422
2023-09-07,AAPL,116.70071336453967,3637236
2023-09-08,AAPL,117.06319032925164,1600846
2023-09-11,AAPL,118.44141146108775,1621378
2023-09-12,AAPL,117.79071972719451,1264616
2023-09-13,AAPL,117.32211234832643,4488136
2023-09-14,AAPL,117.45176986149615,1569507
2023-09-15,AAPL,118.76678696447014,1068019
2023-09-18,AAPL,118.93673310066167,3875498
2023-09-19,AAPL,117.45125060093399,3559863
2023-09-20,AAPL,117.75936362417639,2967545
2023-09-21,AAPL,119.69401279649688,3323417
2023-09-22,AAPL,119.77280489888217,1408073
2023-09-25,AAPL,119.92787386660753,1779421
2023-09-26,AAPL,118.42325025147699,3848745
2023-09-27,AAPL,116.77338574550397,3851452
2023-09-28,AAPL,116.0311003077468,4757283
2023-09-29,AAPL,115.65285614269948,4581881
2023-10-02,AAPL,115.77326799472527,4180496
2023-10-03,AAPL,115.96556132550207,4757272
2023-10-04,AAPL,117.83818130188492,4231050
2023-10-05,AAPL,117.90735780898147,4990458
2023-10-06,AAPL,119.16909366534634,2484398
2023-10-09,AAPL,119.12223446901447,3388382
2023-10-10,AAPL,120.86076522962065,3263627
2023-10-11,AAPL,118.62119821665917,2960088
2023-10-12,AAPL,117.91309734867029,2085401
2023-10-13,AAPL,119.07793848245193,4154342
2023-10-16,AAPL,118.87378071026028,3277431
2023-10-17,AAPL,119.98629885324706,3336204
2023-10-18,AAPL,120.44921611484162,1171165
2023-10-19,AAPL,121.59392275086572,1454914
2023-10-20,AAPL,122.34166559351993,1917493
2023-10-23,AAPL,123.16860111334496,1778782
2023-10-24,AAPL,125.02062346275264,3270335
2023-10-25,AAPL,126.26002255545178,1976084
2023-10-26,AAPL,127.52105888097513,1627757
2023-10-27,AAPL,127.5470997569102,2598114
2023-10-30,AAPL,126.80712155936705,1408439
2023-10-31,AAPL,125.97350452110635,3930268
2023-11-01,AAPL,126.92305658993729,4694732
2023-11-02,AAPL,123.86551784836733,1755485
2023-11-03,AAPL,122.25691139790013,1827845
2023-11-06,AAPL,121.0849208755598,2336458
2023-11-07,AAPL,120.78545964312941,4942154
2023-11-08,AAPL,117.6485194454688,1998979
2023-11-09,AAPL,119.1387456435716,3638065
2023-11-10,AAPL,119.85593694125134,2471893
2023-11-13,AAPL,122.25833672129018,3346337
2023-11-14,AAPL,123.56390415090745,2086941
2023-11-15,AAPL,124.84366294263289,1695364
2023-11-16,AAPL,127.68534794776335,3310430
2023-11-17,AAPL,126.95839539994833,4024475
2023-11-20,AAPL,125.06390585736186,2434014
2023-11-21,AAPL,124.77364797018619,2011030
2023-11-22,AAPL,123.7485097578704,3602498
2023-11-23,AAPL,123.43107528358954,3076834
2023-11-24,AAPL,122.14156190062121,1250196
2023-11-27,AAPL,122.83715267608596,2924667
2023-11-28,AAPL,123.4689052079324,1139785
2023-11-29,AAPL,123.43566865437549,1158970
2023-11-30,AAPL,123.82087116472741,2409483
2023-12-01,AAPL,123.64510758317827,4074714
2023-12-04,AAPL,124.57846560578632,2114980
2023-12-05,AAPL,124.66525319918924,2160331
2023-12-06,AAPL,124.33477355473586,1428886
2023-12-07,AAPL,125.49595903864682,2846869
2023-12-08,AAPL,127.08825569619029,3903510
2023-12-11,AAPL,128.79941994234346,3339414
2023-12-12,AAPL,127.53024641049984,2394574
2023-12-13,AAPL,126.85048267632801,2840117
2023-12-14,AAPL,124.710385136643,4174811
2023-12-15,AAPL,124.41322438537672,1215436
2023-12-18,AAPL,124.9320160997272,3820194
2023-12-19,AAPL,124.76621503225519,2488356
2023-12-20,AAPL,127.19867256907965,2913387
2023-12-21,AAPL,126.68349130486783,2179685
2023-12-22,AAPL,125.3120085587973,2936131
2023-12-25,AAPL,126.02644146529045,4260621
2023-12-26,AAPL,126.21553945940583,4494190
2023-12-27,AAPL,126.91118385442476,3754532
2023-12-28,AAPL,127.29731092055003,2090055
2023-12-29,AAPL,127.60799669757874,3588257
2022-01-03,MSFT,281.644382094561,3023554
2022-01-04,MSFT,279.58776319522974,3913582
2022-01-05,MSFT,279.05859235177144,3723455
2022-01-06,MSFT,282.0256334867456,2475089
2022-01-07,MSFT,278.6889841583531,1705675
2022-01-10,MSFT,274.23287998967066,1919472
2022-01-11,MSFT,272.9477544813049,4707523
2022-01-12,MSFT,269.93423963524816,3785809
2022-01-13,MSFT,268.1927273445172,1421652
2022-01-14,MSFT,265.5263985676206,3412374
2022-01-17,MSFT,266.88975557990483,2659598
2022-01-18,MSFT,267.66429454395285,3403926
2022-01-19,MSFT,269.7126362116421,2799384
2022-01-20,MSFT,268.2097339687836,2625869
2022-01-21,MSFT,268.8915042575284,1443700
2022-01-24,MSFT,266.93749665994835,2552450
2022-01-25,MSFT,268.11468959330745,3643862
2022-01-26,MSFT,269.3186085183441,4035534
2022-01-27,MSFT,271.1946847770972,2567992
2022-01-28,MSFT,268.27506939643797,4630116
2022-01-31,MSFT,273.11581369381304,3418885
2022-02-01,MSFT,272.16708739376253,2266086
2022-02-02,MSFT,274.07969338169596,2451636
2022-02-03,MSFT,267.0484809110884,3090684
2022-02-04,MSFT,266.83286417192824,4865479
2022-02-07,MSFT,268.6730073141931,4829194
2022-02-08,MSFT,265.79367095696045,2877462
2022-02-09,MSFT,264.30591432165005,2554064
2022-02-10,MSFT,264.89268136682153,4438363
2022-02-11,MSFT,269.0707013715225,4355114
2022-02-14,MSFT,270.289581321745,1120126
2022-02-15,MSFT,272.99880516260686,4782230
2022-02-16,MSFT,267.90027936169537,3757776
2022-02-17,MSFT,262.7248068566174,1015044
2022-02-18,MSFT,261.695658538671,3923721
2022-02-21,MSFT,264.1198607639813,2014673
2022-02-22,MSFT,264.2865605673751,1546490
2022-02-23,MSFT,266.7779939600466,3215475
2022-02-24,MSFT,264.67917551445333,4153366
2022-02-25,MSFT,262.33724900177356,3353499
2022-02-28,MSFT,263.6246466103,3950256
2022-03-01,MSFT,266.5390693298714,1097769
2022-03-02,MSFT,268.9624593916766,4755924
2022-03-03,MSFT,268.9086088300235,1750187
2022-03-04,MSFT,268.92846029920804,4509963
2022-03-07,MSFT,265.61626163515916,3470849
2022-03-08,MSFT,266.85238727629894,2017652
2022-03-09,MSFT,267.289568587374,3214566
2022-03-10,MSFT,267.4895280333828,1495224
2022-03-11,MSFT,271.41215031025126,3118551
2022-03-14,MSFT,276.24797862695493,3282120
2022-03-15,MSFT,279.474248203496,3814389
2022-03-16,MSFT,273.99068662006925,2229336
2022-03-17,MSFT,270.80638881998647,1025672
2022-03-18,MSFT,267.52384758643296,2135895
2022-03-21,MSFT,270.8362459234762,3611342
2022-03-22,MSFT,271.9731765361714,2362833
2022-03-23,MSFT,267.33405605658646,4389789
2022-03-24,MSFT,269.8444511075928,2935880
2022-03-25,MSFT,268.40625125633267,1885622
2022-03-28,MSFT,269.0238168152248,3115193
2022-03-29,MSFT,270.2960957735804,3332670
2022-03-30,MSFT,268.8015314679707,2579099
2022-03-31,MSFT,272.9633633446634,4694425
2022-04-01,MSFT,278.96747605338663,1219018
2022-04-04,MSFT,281.2299397161789,2845934
2022-04-05,MSFT,283.4475621842729,1626138
2022-04-06,MSFT,288.96896628288926,4640843
2022-04-07,MSFT,288.16711252427103,4562524
2022-04-08,MSFT,284.26086090170276,1585141
2022-04-11,MSFT,286.90696745432376,3177514
2022-04-12,MSFT,288.70449727949926,3391462
2022-04-13,MSFT,288.0653902147952,4877897
2022-04-14,MSFT,291.11434349413236,4936997
2022-04-15,MSFT,284.0799363221381,1232291
2022-04-18,MSFT,282.52781485538895,1970452
2022-04-19,MSFT,282.0094354629831,1315882
2022-04-20,MSFT,281.01763167466873,2666565
2022-04-21,MSFT,277.61665723594876,3549716
2022-04-22,MSFT,276.2189055237356,3776496
2022-04-25,MSFT,278.73849882512513,2166312
2022-04-26,MSFT,279.4752763450243,4717472
2022-04-27,MSFT,280.2909389763385,1377354
2022-04-28,MSFT,284.0069431131089,4475108
2022-04-29,MSFT,283.7677941257377,4332758
2022-05-02,MSFT,288.80983504837104,2283805
2022-05-03,MSFT,295.30997507716916,1075346
2022-05-04,MSFT,294.77647521096077,2540420
2022-05-05,MSFT,296.0902268599401,2142129
2022-05-06,MSFT,297.2175154457611,1957454
2022-05-09,MSFT,296.10640228786525,3106878
2022-05-10,MSFT,299.55812405487484,3289625
2022-05-11,MSFT,298.8423046825893,4503970
2022-05-12,MSFT,303.25936433069086,1727999
2022-05-13,MSFT,303.98671405763304,3008060
2022-05-16,MSFT,303.83338097447984,4430201
2022-05-17,MSFT,303.40927604512586,1917164
2022-05-18,MSFT,301.0352076643362,2573879
2022-05-19,MSFT,301.2192213909809,1300769
2022-05-20,MSFT,301.59105449018875,3018804
2022-05-23,MSFT,296.432684007175,3022906
2022-05-24,MSFT,295.2766528246893,3078095
2022-05-25,MSFT,293.9180689199285,4252277
2022-05-26,MSFT,291.45016408220727,2770447
2022-05-27,MSFT,286.5540257662121,1924834
2022-05-30,MSFT,284.1749720194619,2638413
2022-05-31,MSFT,287.162480692716,3479157
2022-06-01,MSFT,290.4717872410252,4054171
2022-06-02,MSFT,299.4351672249264,3935265
2022-06-03,MSFT,297.9719332571723,1725224
2022-06-06,MSFT,299.15143838485915,3215083
2022-06-07,MSFT,300.8906648935327,1618960
2022-06-08,MSFT,298.41130982991183,1584007
2022-06-09,MSFT,295.9139877894659,1166745
2022-06-10,MSFT,288.5688400955134,1842154
2022-06-13,MSFT,288.3961083851152,4621142
2022-06-14,MSFT,285.9429348939052,3032711
2022-06-15,MSFT,282.46654080047745,4147264
2022-06-16,MSFT,281.0131999914479,4021778
2022-06-17,MSFT,277.30839408232924,3001475
2022-06-20,MSFT,277.33473658927784,2367603
2022-06-21,MSFT,276.13297174791535,4262510
2022-06-22,MSFT,269.79331804964335,1213338
2022-06-23,MSFT,267.9665064213193,3410828
2022-06-24,MSFT,273.1033165887312,2817361
2022-06-27,MSFT,271.288080562072,1234155
2022-06-28,MSFT,269.79662533509185,4982639
2022-06-29,MSFT,265.0650827868599,4039892
2022-06-30,MSFT,265.7077955814717,3855232
2022-07-01,MSFT,268.71754753577784,2422612
2022-07-04,MSFT,271.7912897984741,2064986
2022-07-05,MSFT,271.8663023842967,1187295
2022-07-06,MSFT,274.5484696897474,3136440
2022-07-07,MSFT,273.9222792712508,4592694
2022-07-08,MSFT,279.0031310457017,1261498
2022-07-11,MSFT,279.60734804275603,4562872
2022-07-12,MSFT,280.2228541440193,1137875
2022-07-13,MSFT,281.684138543743,3748921
2022-07-14,MSFT,277.11636879444194,1638381
2022-07-15,MSFT,275.1661373372448,1264384
2022-07-18,MSFT,274.00408072544775,1308243
2022-07-19,MSFT,275.2703826316416,2642397
2022-07-20,MSFT,273.97901562868566,4944899
2022-07-21,MSFT,278.0511056113991,4449233
2022-07-22,MSFT,278.618333569328,1481094
2022-07-25,MSFT,280.5259631973721,1191631
2022-07-26,MSFT,283.9465496115466,1824273
2022-07-27,MSFT,283.44480257733943,1460832
2022-07-28,MSFT,288.29211765537667,2034459
2022-07-29,MSFT,284.73164398524386,1455031
2022-08-01,MSFT,287.98475879596225,4021731
2022-08-02,MSFT,288.84324376653916,1825105
2022-08-03,MSFT,287.9596521904844,2588890
2022-08-04,MSFT,283.9860325202551,3797142
2022-08-05,MSFT,284.9641659373497,1781537
2022-08-08,MSFT,286.61273401815436,2733002
2022-08-09,MSFT,291.1678045861565,3014330
2022-08-10,MSFT,293.4578249922813,1094756
2022-08-11,MSFT,291.6938851582891,2918634
2022-08-12,MSFT,286.8579110506408,3413509
2022-08-15,MSFT,288.43541072875666,4453717
2022-08-16,MSFT,287.7997458179355,1227041
2022-08-17,MSFT,289.28512609086175,2021088
2022-08-18,MSFT,290.2178388666336,3060907
2022-08-19,MSFT,290.26684321214225,3875742
2022-08-22,MSFT,286.6169253647002,2185505
2022-08-23,MSFT,285.270982233582,2707496
2022-08-24,MSFT,285.9008564943365,4408778
2022-08-25,MSFT,284.2772665494505,3976636
2022-08-26,MSFT,285.7401377095521,1188361
2022-08-29,MSFT,288.9689324087681,2450117
2022-08-30,MSFT,285.4745027689458,2801427
2022-08-31,MSFT,286.56536248083637,1214298
2022-09-01,MSFT,283.9133882411044,2283340
2022-09-02,MSFT,286.5388421038871,4485380
2022-09-05,MSFT,284.2172122238944,4871914
2022-09-06,MSFT,287.045357502599,2623937
2022-09-07,MSFT,286.5452621936872,3409946
2022-09-08,MSFT,279.782317708639,2566950
2022-09-09,MSFT,285.52816410531295,2157869
2022-09-12,MSFT,287.7484922370671,3050241
2022-09-13,MSFT,288.8707777020146,1438736
2022-09-14,MSFT,290.9663494717687,1205782
2022-09-15,MSFT,290.9687128203585,3435018
2022-09-16,MSFT,291.4260784002367,2645049
2022-09-19,MSFT,292.5863477166659,2744565
2022-09-20,MSFT,291.34467672036027,4634274
2022-09-21,MSFT,294.92413436719784,1735447
2022-09-22,MSFT,298.84358770200504,2398445
2022-09-23,MSFT,298.6470334159308,3878671
2022-09-26,MSFT,300.03053993543534,3147910
2022-09-27,MSFT,298.04039296617145,2622282
2022-09-28,MSFT,301.33988145415447,3810811
2022-09-29,MSFT,295.17717095911974,2557155
2022-09-30,MSFT,292.2373980120719,3067702
2022-10-03,MSFT,290.3273188887896,1353287
2022-10-04,MSFT,289.4767933125656,2940907
2022-10-05,MSFT,295.1863261564315,2720090
2022-10-06,MSFT,291.1765282017318,1940845
2022-10-07,MSFT,291.57947865798513,2819334
2022-10-10,MSFT,293.9085535940441,3673070
2022-10-11,MSFT,291.9238308258814,4419761
2022-10-12,MSFT,294.26659460928414,3476293
2022-10-13,MSFT,292.6811049669383,4608191
2022-10-14,MSFT,293.247782721741,4146554
2022-10-17,MSFT,287.7793368213513,3480017
2022-10-18,MSFT,285.8852591861531,4353792
2022-10-19,MSFT,283.7980387581761,2930242
2022-10-20,MSFT,289.4995062729909,1804034
2022-10-21,MSFT,299.34501476168555,2333780
2022-10-24,MSFT,298.48685140675525,1817025
2022-10-25,MSFT,299.5935976306387,2917798
2022-10-26,MSFT,290.835477631674,4249480
2022-10-27,MSFT,287.04804665018014,2883018
2022-10-28,MSFT,283.0119597537913,1928807
2022-10-31,MSFT,284.43043194908375,4945098
2022-11-01,MSFT,282.01024156737935,2878633
2022-11-02,MSFT,284.95541378124807,3817630
2022-11-03,MSFT,287.0302357776208,1870016
2022-11-04,MSFT,285.6826240226591,3613288
2022-11-07,MSFT,283.363801630274,3144276
2022-11-08,MSFT,282.76902016545574,2953617
2022-11-09,MSFT,288.4366719803385,4326994
2022-11-10,MSFT,286.6517753664453,2488751
2022-11-11,MSFT,280.6043693386319,1368951
2022-11-14,MSFT,280.3423856841136,3517931
2022-11-15,MSFT,280.83555465187914,4031529
2022-11-16,MSFT,281.52805721685775,3763007
2022-11-17,MSFT,279.10326678222117,4862599
2022-11-18,MSFT,278.9780346162668,1695300
2022-11-21,MSFT,277.5143895570871,3417720
2022-11-22,MSFT,282.81697982727565,1817727
2022-11-23,MSFT,281.33549805993766,4439148
2022-11-24,MSFT,280.3663455302481,2461322
2022-11-25,MSFT,283.61017112193616,2036754
2022-11-28,MSFT,280.01352190703545,3692608
2022-11-29,MSFT,280.9826052944467,1413952
2022-11-30,MSFT,280.8585516224779,4432850
2022-12-01,MSFT,278.3729024938885,1577853
2022-12-02,MSFT,275.111419389373,2090635
2022-12-05,MSFT,277.39763010060483,2812704
2022-12-06,MSFT,279.82330090642586,2991961
2022-12-07,MSFT,280.690151792158,4240807
2022-12-08,MSFT,276.45482675530764,2121932
2022-12-09,MSFT,277.8252935921466,4012180
2022-12-12,MSFT,275.7427818372831,1367673
2022-12-13,MSFT,277.7858157286949,4829231
2022-12-14,MSFT,278.13922052771494,4580079
2022-12-15,MSFT,279.75747199769773,2276875
2022-12-16,MSFT,282.94871472815095,1132475
2022-12-19,MSFT,284.81062331878667,3223793
2022-12-20,MSFT,284.3497478543634,3122719
2022-12-21,MSFT,290.07614940227415,1954474
2022-12-22,MSFT,292.51506502108526,2579280
2022-12-23,MSFT,293.0096145735947,1859375
2022-12-26,MSFT,288.39139024182646,2967704
2022-12-27,MSFT,286.00680580048265,2698666
2022-12-28,MSFT,291.0507372688651,3322658
2022-12-29,MSFT,291.4895635862332,2309294
2022-12-30,MSFT,289.62446410416925,1739698
2023-01-02,MSFT,288.93516055194226,1686244
2023-01-03,MSFT,291.06851540026634,3459263
2023-01-04,MSFT,294.4101848759028,3573977
2023-01-05,MSFT,293.2129168590328,3415947
2023-01-06,MSFT,296.0553607542633,4089063
2023-01-09,MSFT,297.0901482361306,1866572
2023-01-10,MSFT,298.4632461986529,2544531
2023-01-11,MSFT,294.4942460042775,2214382
2023-01-12,MSFT,298.38812624936986,1522280
2023-01-13,MSFT,297.27148322838025,1040669
2023-01-16,MSFT,289.6113646772934,4308464
2023-01-17,MSFT,287.8194232089882,1503160
2023-01-18,MSFT,287.8957640030059,4491693
2023-01-19,MSFT,278.6707017865339,3809756
2023-01-20,MSFT,284.7299378431075,3996286
2023-01-23,MSFT,284.0907511979603,1653343
2023-01-24,MSFT,283.5483851738132,1360096
2023-01-25,MSFT,282.67401367195896,2862021
2023-01-26,MSFT,281.85371597364707,1956403
2023-01-27,MSFT,283.84203964000034,1227406
2023-01-30,MSFT,281.9788804904844,2154691
2023-01-31,MSFT,280.81747714284944,3316126
2023-02-01,MSFT,279.3780941416706,1400946
2023-02-02,MSFT,281.23417444737896,4278478
2023-02-03,MSFT,279.527414193769,3013664
2023-02-06,MSFT,281.36665607772295,2662254
2023-02-07,MSFT,287.11397343109707,3390355
2023-02-08,MSFT,288.8343873652487,1288352
2023-02-09,MSFT,288.0427432548781,3562705
2023-02-10,MSFT,286.1074948867081,4612668
2023-02-13,MSFT,285.0958679947533,3716454
2023-02-14,MSFT,287.63425651825304,2963081
2023-02-15,MSFT,292.08977254650534,1671362
2023-02-16,MSFT,292.0898510297923,2909985
2023-02-17,MSFT,291.2051185715719,1083992
2023-02-20,MSFT,289.5181206003072,3178011
2023-02-21,MSFT,292.10587785437775,3812084
2023-02-22,MSFT,292.0980838098307,1252975
2023-02-23,MSFT,296.5585284227238,2201914
2023-02-24,MSFT,302.7268599207623,4796346
2023-02-27,MSFT,301.0113431114115,4663060
2023-02-28,MSFT,305.6054334615672,1593166
2023-03-01,MSFT,306.9298462550763,3441475
2023-03-02,MSFT,310.6485909398425,1211610
2023-03-03,MSFT,307.33663607640074,4956323
2023-03-06,MSFT,307.97569739115,1480477
2023-03-07,MSFT,304.59612880239234,1202122
2023-03-08,MSFT,308.0778709158792,4227755
2023-03-09,MSFT,306.2095678484421,2441688
2023-03-10,MSFT,304.6033267231135,1987634
2023-03-13,MSFT,299.0663522299974,2868415
2023-03-14,MSFT,298.11322684762416,1960953
2023-03-15,MSFT,301.31762379305053,2032349
2023-03-16,MSFT,300.285510799788,4742754
2023-03-17,MSFT,306.77430028052146,2240541
2023-03-20,MSFT,306.46711886757055,4077132
2023-03-21,MSFT,312.12761841590515,4943540
2023-03-22,MSFT,308.9085214206592,1185003
2023-03-23,MSFT,306.91983661111385,2190424
2023-03-24,MSFT,307.543041535144,4698693
2023-03-27,MSFT,305.2172241045515,2477215
2023-03-28,MSFT,307.5283758494515,1017993
2023-03-29,MSFT,308.94110793732494,1300386
2023-03-30,MSFT,311.327159239245,2814246
2023-03-31,MSFT,311.9187059448888,2382066
2023-04-03,MSFT,312.2990151830413,2761939
2023-04-04,MSFT,310.2348175372935,3834575
2023-04-05,MSFT,309.1850707124067,2489079
2023-04-06,MSFT,313.2293692632773,2427398
2023-04-07,MSFT,311.803492564707,3233846
2023-04-10,MSFT,314.3652077172923,3286018
2023-04-11,MSFT,315.2960121478284,4411893
2023-04-12,MSFT,318.6237139354341,3644699
2023-04-13,MSFT,321.0706231755171,3299807
2023-04-14,MSFT,324.24194803813504,2761915
2023-04-17,MSFT,327.18801064185135,3107501
2023-04-18,MSFT,329.0411267835783,4837607
2023-04-19,MSFT,329.28581827650294,3655107
2023-04-20,MSFT,332.7191861283364,2429862
2023-04-21,MSFT,328.68616916099876,4725100
2023-04-24,MSFT,326.99148317442194,2002194
2023-04-25,MSFT,322.499250321111,2123524
2023-04-26,MSFT,321.9924112269534,3912605
2023-04-27,MSFT,320.75759441353273,3380270
2023-04-28,MSFT,314.11656232195287,4523947
2023-05-01,MSFT,312.4218636193137,2758723
2023-05-02,MSFT,310.11401903870996,1944046
2023-05-03,MSFT,306.8116512192664,3683099
2023-05-04,MSFT,307.0729261696185,3838678
2023-05-05,MSFT,307.5817365989811,2558556
2023-05-08,MSFT,305.80403633735,1722653
2023-05-09,MSFT,309.9642556450757,2691710
2023-05-10,MSFT,313.9325311433856,3228394
2023-05-11,MSFT,318.14151786396775,2099385
2023-05-12,MSFT,324.10548653317994,3758065
2023-05-15,MSFT,322.1717976904331,3975767
2023-05-16,MSFT,322.0044745053507,1684425
2023-05-17,MSFT,315.6833178690482,4384687
2023-05-18,MSFT,317.81400337475145,3822909
2023-05-19,MSFT,317.65485435220626,2037934
2023-05-22,MSFT,314.84516054528916,2889693
2023-05-23,MSFT,321.4607683720823,1321529
2023-05-24,MSFT,325.4078910511972,1531926
2023-05-25,MSFT,322.0673666464123,4463590
2023-05-26,MSFT,318.27245511826607,3848187
2023-05-29,MSFT,320.511347088571,3101588
2023-05-30,MSFT,319.1763153467805,4082621
2023-05-31,MSFT,317.2217711033751,2756472
2023-06-01,MSFT,317.96992578806356,2466368
2023-06-02,MSFT,314.7666484338448,2956839
2023-06-05,MSFT,313.43174197684704,3160201
2023-06-06,MSFT,313.7771613966822,3565148
2023-06-07,MSFT,316.21470215322097,4720413
2023-06-08,MSFT,317.46953949811626,4624038
2023-06-09,MSFT,317.97378333699845,1985290
2023-06-12,MSFT,323.2249803184576,4893034
2023-06-13,MSFT,320.63022281503515,2781169
2023-06-14,MSFT,315.7015737630479,3839573
2023-06-15,MSFT,315.3660469407007,4743354
2023-06-16,MSFT,316.0727070726638,4461016
2023-06-19,MSFT,312.232834293813,2050264
2023-06-20,MSFT,311.02662382117296,1301503
2023-06-21,MSFT,313.6259944783097,2646835
2023-06-22,MSFT,316.12509100017843,4218200
2023-06-23,MSFT,314.1166367025253,3270818
2023-06-26,MSFT,311.2399114920923,2997794
2023-06-27,MSFT,312.89856333285314,4915629
2023-06-28,MSFT,315.7682822246854,3754722
2023-06-29,MSFT,311.58312442147184,3810030
2023-06-30,MSFT,311.5284218871195,1583851
2023-07-03,MSFT,311.12469013394156,2866320
2023-07-04,MSFT,308.91232848385283,4929525
2023-07-05,MSFT,309.6712725013733,2658440
2023-07-06,MSFT,308.58067992971297,1762122
2023-07-07,MSFT,310.9903981790889,1091494
2023-07-10,MSFT,312.87654686604463,3360075
2023-07-11,MSFT,308.79148939166737,1930327
2023-07-12,MSFT,303.6927724376048,3335386
2023-07-13,MSFT,305.93105567354087,3407445
2023-07-14,MSFT,309.84765851544495,1132229
2023-07-17,MSFT,312.8478225502814,1102980
2023-07-18,MSFT,315.3028273840434,1779103
2023-07-19,MSFT,313.8610537649143,3953020
2023-07-20,MSFT,314.87991649442995,1614456
2023-07-21,MSFT,322.73120136701186,3301832
2023-07-24,MSFT,323.4155276507872,2794590
2023-07-25,MSFT,327.3416918675637,4218895
2023-07-26,MSFT,322.1652627746675,4045500
2023-07-27,MSFT,323.27936204921457,4081124
2023-07-28,MSFT,323.39039442799475,2155922
2023-07-31,MSFT,322.24043894587675,4155095
2023-08-01,MSFT,324.7399409163761,4626891
2023-08-02,MSFT,327.1806115778956,3637416
2023-08-03,MSFT,326.7305760247707,1434698
2023-08-04,MSFT,328.28702650349925,4127916
2023-08-07,MSFT,332.0613968202501,2433048
2023-08-08,MSFT,335.95683290334057,1654614
2023-08-09,MSFT,333.6935047926468,2908735
2023-08-10,MSFT,342.1248318785923,4609974
2023-08-11,MSFT,344.4375257028148,2556589
2023-08-14,MSFT,342.86851469268663,4771765
2023-08-15,MSFT,342.63467559392274,4759777
2023-08-16,MSFT,338.5669229781567,3474040
2023-08-17,MSFT,335.7660265117228,2874675
2023-08-18,MSFT,336.5192516444617,1777130
2023-08-21,MSFT,331.8307473570808,1167663
2023-08-22,MSFT,330.18486389443956,4491458
2023-08-23,MSFT,328.33131514062455,2945421
2023-08-24,MSFT,327.79945396254317,4605907
2023-08-25,MSFT,322.6851841736392,2327608
2023-08-28,MSFT,322.71664232960813,3068079
2023-08-29,MSFT,324.2716975847096,1414648
2023-08-30,MSFT,325.53329606769137,2823228
2023-08-31,MSFT,319.1470303132429,1165168
2023-09-01,MSFT,323.7375921166489,3127513
2023-09-04,MSFT,328.56280333597164,3392747
2023-09-05,MSFT,327.57265555441785,1612516
2023-09-06,MSFT,333.41306452509417,2556602
2023-09-07,MSFT,333.0318580453993,4720515
2023-09-08,MSFT,331.7203067999983,1233447
2023-09-11,MSFT,328.28917071689693,4514298
2023-09-12,MSFT,328.07403181714864,4925869
2023-09-13,MSFT,327.61127583829386,2135539
2023-09-14,MSFT,326.6166614702455,2152562
2023-09-15,MSFT,327.43205265302436,4475053
2023-09-18,MSFT,328.2530656416309,3247477
2023-09-19,MSFT,323.5284547713904,3573666
2023-09-20,MSFT,326.517710771217,4308404
2023-09-21,MSFT,329.05958822884577,3517816
2023-09-22,MSFT,328.9567889267601,4373846
2023-09-25,MSFT,328.4269175435831,4781678
2023-09-26,MSFT,327.5114331869266,4655128
2023-09-27,MSFT,326.0185812331187,3228899
2023-09-28,MSFT,322.92888189900316,3189772
2023-09-29,MSFT,319.55009461697273,1239864
2023-10-02,MSFT,322.8610802234098,4392050
2023-10-03,MSFT,328.82219116539653,1850651
2023-10-04,MSFT,331.63109953806224,1995504
2023-10-05,MSFT,330.1929730178677,4309769
2023-10-06,MSFT,330.41898024289657,1921976
2023-10-09,MSFT,327.6281643232735,1469938
2023-10-10,MSFT,326.78052347632956,4674572
2023-10-11,MSFT,329.0913257539581,2241707
2023-10-12,MSFT,325.37588594183046,2138498
2023-10-13,MSFT,320.7874435265037,1250258
2023-10-16,MSFT,322.59264492993367,2323317
2023-10-17,MSFT,319.87050468770246,4436113
2023-10-18,MSFT,317.9752221167369,2430762
2023-10-19,MSFT,314.5844120747426,1015985
2023-10-20,MSFT,313.66608822367135,2128685
2023-10-23,MSFT,312.541149983741,4092479
2023-10-24,MSFT,313.77225933196513,4054394
2023-10-25,MSFT,312.5780019737503,3946045
2023-10-26,MSFT,310.9598182970601,1714232
2023-10-27,MSFT,314.5195404726981,2426067
2023-10-30,MSFT,312.9882015073484,4749004
2023-10-31,MSFT,313.34551770898224,2409025
2023-11-01,MSFT,315.98274445792623,3171388
2023-11-02,MSFT,318.02253864520867,2564811
2023-11-03,MSFT,321.14255742212345,3641078
2023-11-06,MSFT,322.25922017752015,3723398
2023-11-07,MSFT,325.2860467182381,2762865
2023-11-08,MSFT,324.2016381846079,1900602
2023-11-09,MSFT,328.4527887193866,4453569
2023-11-10,MSFT,328.9190147855236,1579796
2023-11-13,MSFT,333.80739301245944,2974499
2023-11-14,MSFT,336.74998143508975,1231973
2023-11-15,MSFT,339.6593530385326,3634815
2023-11-16,MSFT,342.16219258216904,3714357
2023-11-17,MSFT,344.02000021954836,4248392
2023-11-20,MSFT,342.67887840649144,4767791
2023-11-21,MSFT,339.9625439701011,3526682
2023-11-22,MSFT,337.0124973401488,3824138
2023-11-23,MSFT,338.7227378872018,4722840
2023-11-24,MSFT,341.0465526615188,1119578
2023-11-27,MSFT,340.36316856808867,3228186
2023-11-28,MSFT,345.9861290331478,2603716
2023-11-29,MSFT,345.7291503723402,3093520
2023-11-30,MSFT,345.0682499703461,2464215
2023-12-01,MSFT,342.8441338215376,2857665
2023-12-04,MSFT,340.78280147958577,3806566
2023-12-05,MSFT,342.1051513374866,3632154
2023-12-06,MSFT,338.6339692063872,2021951
2023-12-07,MSFT,338.0938167067507,3679122
2023-12-08,MSFT,341.1352394142337,1580462
2023-12-11,MSFT,341.74483056159636,4456724
2023-12-12,MSFT,341.6310045650347,1475954
2023-12-13,MSFT,343.3588961659674,4828230
2023-12-14,MSFT,345.1211682598439,2349901
2023-12-15,MSFT,347.293450682845,4036020
2023-12-18,MSFT,346.6750588265005,2702860
2023-12-19,MSFT,346.25916465761463,4341370
2023-12-20,MSFT,343.0470862022371,2543158
2023-12-21,MSFT,338.71619230749064,1195869
2023-12-22,MSFT,341.46612047236044,3835685
2023-12-25,MSFT,340.9841865575626,3763854
2023-12-26,MSFT,337.1673481050025,2572055
2023-12-27,MSFT,337.30840155960425,4328202
2023-12-28,MSFT,347.36648142759145,1186842
2023-12-29,MSFT,339.76546329442283,4446367
2022-01-03,AMZN,121.190653701835,3280341
2022-01-04,AMZN,118.73147479900764,4769847
2022-01-05,AMZN,118.89423799675002,2459438
2022-01-06,AMZN,119.59294875743917,3865604
2022-01-07,AMZN,120.06804613906411,2880798
2022-01-10,AMZN,120.92083169274359,1814030
2022-01-11,AMZN,120.80419382647007,3021275
2022-01-12,AMZN,122.20908899668939,4784344
2022-01-13,AMZN,121.48324061728185,4051741
2022-01-14,AMZN,122.32730612592546,4712431
2022-01-17,AMZN,123.94036830668819,1718532
2022-01-18,AMZN,124.64063449151071,4496459
2022-01-19,AMZN,123.97408059426627,3429034
2022-01-20,AMZN,126.2063811000537,4778798
2022-01-21,AMZN,125.00043524175712,4454489
2022-01-24,AMZN,126.07482135543626,4396150
2022-01-25,AMZN,124.85610585754691,1306215
2022-01-26,AMZN,125.59512975596199,4527530
2022-01-27,AMZN,125.09151172294057,1755097
2022-01-28,AMZN,125.56505032120748,2548771
2022-01-31,AMZN,124.84017307206311,1395005
2022-02-01,AMZN,126.13768308533736,3318535
2022-02-02,AMZN,128.60190058933262,4878999
2022-02-03,AMZN,130.3512327317761,2886207
2022-02-04,AMZN,130.53413919207298,4358480
2022-02-07,AMZN,131.61661125832296,4988214
2022-02-08,AMZN,131.3262036247973,2369717
2022-02-09,AMZN,132.69709483071523,3839736
2022-02-10,AMZN,131.25394132565685,1283433
2022-02-11,AMZN,131.96842540990258,3179495
2022-02-14,AMZN,132.4767168312133,4866979
2022-02-15,AMZN,132.72961254272064,4291057
2022-02-16,AMZN,135.26381545077703,3560546
2022-02-17,AMZN,134.00485165168917,3481430
2022-02-18,AMZN,133.58111403454188,3478744
2022-02-21,AMZN,133.61972114427152,2321739
2022-02-22,AMZN,132.51424409025194,1072770
2022-02-23,AMZN,132.28697004961765,2280678
2022-02-24,AMZN,132.7813417046412,3537481
2022-02-25,AMZN,129.945496271654,3366176
2022-02-28,AMZN,130.8111960936511,4985437
2022-03-01,AMZN,130.14462425062283,3408219
2022-03-02,AMZN,128.91923065778641,4336802
2022-03-03,AMZN,128.0766367190544,2154065
2022-03-04,AMZN,128.77545449192422,2175285
2022-03-07,AMZN,127.7663411733404,3809608
2022-03-08,AMZN,130.15872861909878,1334348
2022-03-09,AMZN,130.73444737931348,3856525
2022-03-10,AMZN,129.75256881720028,1756508
2022-03-11,AMZN,127.71782183643792,3289119
2022-03-14,AMZN,127.3288358298509,4715319
2022-03-15,AMZN,128.23804149009936,1442670
2022-03-16,AMZN,128.23189938712082,1358232
2022-03-17,AMZN,127.7214418433414,4867479
2022-03-18,AMZN,127.48179970877342,1905832
2022-03-21,AMZN,127.4058126879249,1917352
2022-03-22,AMZN,126.49697685143992,1678882
2022-03-23,AMZN,129.39304750588792,3910296
2022-03-24,AMZN,130.50143089924526,3464683
2022-03-25,AMZN,129.55419147590524,2601872
2022-03-28,AMZN,126.99380367559088,4186627
2022-03-29,AMZN,127.64464372777384,1035388
2022-03-30,AMZN,128.9191287582892,2206603
2022-03-31,AMZN,129.21840469039282,4004329
2022-04-01,AMZN,129.1153462596179,2815008
2022-04-04,AMZN,129.06798015221943,1387057
2022-04-05,AMZN,129.02282278967004,4804883
2022-04-06,AMZN,128.70459900350127,4470207
2022-04-07,AMZN,128.68886973606334,2533305
2022-04-08,AMZN,128.54601417405902,2403999
2022-04-11,AMZN,129.60612743185223,2708359
2022-04-12,AMZN,131.15810787965742,1823641
2022-04-13,AMZN,131.98410528747615,2309690
2022-04-14,AMZN,134.0319175229872,2657342
2022-04-15,AMZN,135.40011127267047,4060757
2022-04-18,AMZN,137.53068389556375,1885610
2022-04-19,AMZN,138.4631890074288,2630883
2022-04-20,AMZN,138.7211866674753,4701427
2022-04-21,AMZN,141.02786878635715,1932949
2022-04-22,AMZN,139.9413129219402,4432896
2022-04-25,AMZN,142.2350380610986,4422643
2022-04-26,AMZN,142.12717697302926,2290231
2022-04-27,AMZN,144.06027041647476,4200809
2022-04-28,AMZN,144.73238993744133,4863099
2022-04-29,AMZN,143.84888320348443,3501400
2022-05-02,AMZN,143.28694195408062,1851577
2022-05-03,AMZN,146.27132502378035,3527937
2022-05-04,AMZN,145.7456128612884,3741665
2022-05-05,AMZN,148.18170638134328,3303803
2022-05-06,AMZN,150.36255150821253,4412071
2022-05-09,AMZN,150.3335611931392,4978213
2022-05-10,AMZN,148.97954837751507,3949787
2022-05-11,AMZN,149.9504375511971,4211223
2022-05-12,AMZN,148.58110915066808,3280494
2022-05-13,AMZN,151.71680314504943,3693344
2022-05-16,AMZN,153.56472639911718,2389634
2022-05-17,AMZN,151.06224928536426,3863453
2022-05-18,AMZN,152.29122139307609,4176966
2022-05-19,AMZN,152.04177129692533,4165439
2022-05-20,AMZN,150.85162805179533,4821542
2022-05-23,AMZN,151.7601248583734,4796788
2022-05-24,AMZN,149.13906774858745,1193400
2022-05-25,AMZN,148.09867128273848,1063487
2022-05-26,AMZN,147.06343092684224,4149548
2022-05-27,AMZN,145.65063469995667,1764161
2022-05-30,AMZN,144.90005910273527,3736944
2022-05-31,AMZN,146.64289497944728,4324386
2022-06-01,AMZN,146.11362709855717,4350879
2022-06-02,AMZN,147.66151784674636,2972502
2022-06-03,AMZN,145.3531949445453,2743575
2022-06-06,AMZN,143.9510316285389,1364247
2022-06-07,AMZN,144.98555492650777,2806443
2022-06-08,AMZN,144.3913599803801,4557649
2022-06-09,AMZN,142.63080700366433,3558308
2022-06-10,AMZN,141.78190154566929,4371169
2022-06-13,AMZN,142.374390714261,2432937
2022-06-14,AMZN,140.6166645748158,4009264
2022-06-15,AMZN,138.93164119010686,4734179
2022-06-16,AMZN,135.4350188540993,1424821
2022-06-17,AMZN,136.52050700497557,3462472
2022-06-20,AMZN,137.95524310221577,2789787
2022-06-21,AMZN,136.59209003070842,1659272
2022-06-22,AMZN,137.33476795297773,3576459
2022-06-23,AMZN,138.0032284993801,4665586
2022-06-24,AMZN,139.0308081152009,2442043
2022-06-27,AMZN,140.50106680715697,1235514
2022-06-28,AMZN,141.3708654003639,3279240
2022-06-29,AMZN,140.21934605534946,3503787
2022-06-30,AMZN,141.55776109064834,1380581
2022-07-01,AMZN,140.19850284187393,4666170
2022-07-04,AMZN,139.9630319367717,2179708
2022-07-05,AMZN,138.7394293667493,4249015
2022-07-06,AMZN,138.13461714049512,4500055
2022-07-07,AMZN,137.9953332882918,1389743
2022-07-08,AMZN,138.46867078372227,2471074
2022-07-11,AMZN,139.5042679858903,2893522
2022-07-12,AMZN,140.44826901429582,2198494
2022-07-13,AMZN,142.0477039109528,4680680
2022-07-14,AMZN,142.1799020554502,1962553
2022-07-15,AMZN,139.15612781178635,4965714
2022-07-18,AMZN,140.72869876054898,2158147
2022-07-19,AMZN,138.80562323253776,4618862
2022-07-20,AMZN,140.7289108185653,3431158
2022-07-21,AMZN,141.43134174590847,4410376
2022-07-22,AMZN,144.28286497242925,3890299
2022-07-25,AMZN,144.8110373893007,4151698
2022-07-26,AMZN,144.39831678188773,2144416
2022-07-27,AMZN,144.01887436884329,3211025
2022-07-28,AMZN,145.7985916693154,4835673
2022-07-29,AMZN,146.0115013364929,1291389
2022-08-01,AMZN,144.72316345362756,3702835
2022-08-02,AMZN,145.99543820124524,1897446
2022-08-03,AMZN,143.70265206267166,3629536
2022-08-04,AMZN,143.49006696731135,1864845
2022-08-05,AMZN,146.21071653151296,2167539
2022-08-08,AMZN,148.84618479131862,4721726
2022-08-09,AMZN,149.17670019754354,2259809
2022-08-10,AMZN,148.14174643063512,1935830
2022-08-11,AMZN,147.50505594289248,4798175
2022-08-12,AMZN,148.40470131830423,2996742
2022-08-15,AMZN,149.4724837831859,3227622
2022-08-16,AMZN,149.38711464440976,1671179
2022-08-17,AMZN,147.2433549416041,1631877
2022-08-18,AMZN,149.35354591350625,2963138
2022-08-19,AMZN,148.76382495486467,1828551
2022-08-22,AMZN,149.4911040577103,1516390
2022-08-23,AMZN,153.726145094784,2891201
2022-08-24,AMZN,152.96127914816125,4022436
2022-08-25,AMZN,152.5351569698713,4840209
2022-08-26,AMZN,152.61086957854505,4303218
2022-08-29,AMZN,153.04467900167342,4016326
2022-08-30,AMZN,149.49755133047825,2972253
2022-08-31,AMZN,151.45826418459464,1608873
2022-09-01,AMZN,151.20008727691297,4795551
2022-09-02,AMZN,151.6490409176735,4874497
2022-09-05,AMZN,151.88116475440148,4081728
2022-09-06,AMZN,151.0444151582326,4595150
2022-09-07,AMZN,150.37545395600932,4824853
2022-09-08,AMZN,151.26376851679234,2287476
2022-09-09,AMZN,149.5823309326469,3544486
2022-09-12,AMZN,150.77637700299195,2065651
2022-09-13,AMZN,148.97833570259436,2527087
2022-09-14,AMZN,148.16274064996102,2341601
2022-09-15,AMZN,148.51936744090614,4952637
2022-09-16,AMZN,147.23986652487523,1048986
2022-09-19,AMZN,148.8926683186778,2328374
2022-09-20,AMZN,147.8214522413496,2082609
2022-09-21,AMZN,146.59243646032786,3457330
2022-09-22,AMZN,146.92764710182436,1588308
2022-09-23,AMZN,148.1984393666796,2246163
2022-09-26,AMZN,146.45896684182318,4785145
2022-09-27,AMZN,147.37702923336212,2669435
2022-09-28,AMZN,149.0512381436564,2949891
2022-09-29,AMZN,148.2937793658508,2955642
2022-09-30,AMZN,149.87212203180675,3362321
2022-10-03,AMZN,149.063196978194,3440568
2022-10-04,AMZN,150.0250107807291,3996513
2022-10-05,AMZN,148.78439391197008,2098952
2022-10-06,AMZN,149.20313787687542,4582248
2022-10-07,AMZN,149.3615883911261,4705188
2022-10-10,AMZN,149.94425802723617,4624319
2022-10-11,AMZN,151.4893692373291,1677863
2022-10-12,AMZN,149.55522141688144,4051556
2022-10-13,AMZN,151.80228049358746,3628520
2022-10-14,AMZN,151.6554571446393,2274597
2022-10-17,AMZN,150.70579208512794,2001079
2022-10-18,AMZN,150.15236335410316,1021286
2022-10-19,AMZN,151.20643612381804,3344756
2022-10-20,AMZN,153.20043051817584,4563886
2022-10-21,AMZN,153.37965037781672,3977356
2022-10-24,AMZN,155.3407004286234,2837092
2022-10-25,AMZN,153.37677467526444,3428742
2022-10-26,AMZN,153.94101572028853,1000965
2022-10-27,AMZN,155.43371056340712,4118994
2022-10-28,AMZN,155.46050650421142,3458990
2022-10-31,AMZN,155.20192861589288,1512536
2022-11-01,AMZN,155.93981711812003,3051657
2022-11-02,AMZN,155.14039644405906,4466709
2022-11-03,AMZN,152.95730291893122,4375740
2022-11-04,AMZN,149.86488857887582,1770495
2022-11-07,AMZN,148.3317596569054,1110438
2022-11-08,AMZN,147.2299552927901,2482558
2022-11-09,AMZN,146.77423277202087,1367066
2022-11-10,AMZN,145.1078638038362,4805270
2022-11-11,AMZN,146.4583387821971,1556817
2022-11-14,AMZN,146.58556986353736,4342513
2022-11-15,AMZN,144.16982244090246,4926317
2022-11-16,AMZN,142.85793308499888,1718913
2022-11-17,AMZN,143.66902164932972,2481503
2022-11-18,AMZN,144.99420866853464,2648457
2022-11-21,AMZN,145.49743850613726,4453977
2022-11-22,AMZN,144.5638448023908,1335734
2022-11-23,AMZN,144.5581133296825,2716788
2022-11-24,AMZN,145.48747749404552,3557311
2022-11-25,AMZN,148.11767904820545,3060922
2022-11-28,AMZN,148.00597391025553,4044831
2022-11-29,AMZN,147.23018468737075,1397662
2022-11-30,AMZN,145.49430809462174,3568137
2022-12-01,AMZN,144.99209803026682,4873521
2022-12-02,AMZN,144.47271948335452,1292448
2022-12-05,AMZN,141.97895569343274,3023075
2022-12-06,AMZN,141.55138615257704,2009137
2022-12-07,AMZN,141.29642139333293,2914890
2022-12-08,AMZN,142.79071077231222,4944288
2022-12-09,AMZN,144.16422242659644,4549689
2022-12-12,AMZN,144.96838488832728,2105499
2022-12-13,AMZN,146.33048054564725,1984319
2022-12-14,AMZN,144.9962524755147,3531597
2022-12-15,AMZN,142.87734635573443,4085971
2022-12-16,AMZN,142.01539258832972,2199527
2022-12-19,AMZN,142.24173592598973,4611787
2022-12-20,AMZN,143.60704066281426,3491424
2022-12-21,AMZN,141.69734425253316,4841798
2022-12-22,AMZN,141.67555895746585,4029589
2022-12-23,AMZN,142.04782549628584,4162831
2022-12-26,AMZN,143.1381137000831,3013968
2022-12-27,AMZN,140.78839803310095,4714782
2022-12-28,AMZN,137.42527102345255,4509053
2022-12-29,AMZN,137.33703237987035,3783042
2022-12-30,AMZN,135.24387045207098,4943864
2023-01-02,AMZN,137.56461776754531,3209622
2023-01-03,AMZN,136.91465243190515,3823234
2023-01-04,AMZN,138.5422525184651,1371131
2023-01-05,AMZN,139.28615230089795,3626788
2023-01-06,AMZN,138.7445132005305,3635963
2023-01-09,AMZN,140.70827821771127,3315272
2023-01-10,AMZN,139.2350935519317,1761774
2023-01-11,AMZN,137.56560444683362,2931993
2023-01-12,AMZN,137.53616726575373,4720664
2023-01-13,AMZN,137.69513605522954,2341842
2023-01-16,AMZN,137.34934441793536,4725285
2023-01-17,AMZN,137.56095233985226,2839664
2023-01-18,AMZN,135.04775917248065,4444230
2023-01-19,AMZN,134.0267361825945,2188751
2023-01-20,AMZN,135.0817013110502,1380143
2023-01-23,AMZN,134.189016567474,4317560
2023-01-24,AMZN,135.1470943167566,1676725
2023-01-25,AMZN,134.62611582005007,4566661
2023-01-26,AMZN,136.41108339721745,1812199
2023-01-27,AMZN,136.87676948204762,2771153
2023-01-30,AMZN,135.12973013441538,2115259
2023-01-31,AMZN,133.68361083702862,3314522
2023-02-01,AMZN,131.6998262874288,3485658
2023-02-02,AMZN,131.71706382655856,3770890
2023-02-03,AMZN,133.84821951694587,3292587
2023-02-06,AMZN,133.76543681616144,4478526
2023-02-07,AMZN,133.72268447126086,3905104
2023-02-08,AMZN,133.14048999725458,4000959
2023-02-09,AMZN,133.19599866275988,4825156
2023-02-10,AMZN,134.93704333565884,1751783
2023-02-13,AMZN,136.15631602740092,2265524
2023-02-14,AMZN,135.62859823126948,2131438
2023-02-15,AMZN,135.83787959537068,1927462
2023-02-16,AMZN,139.58953412437964,3849653
2023-02-17,AMZN,142.4162627041211,1896287
2023-02-20,AMZN,142.20071290970222,1346942
2023-02-21,AMZN,145.4338790823105,1619870
2023-02-22,AMZN,143.2717754936475,1291229
2023-02-23,AMZN,142.07858279422425,1275473
2023-02-24,AMZN,141.31483512026463,4125093
2023-02-27,AMZN,140.5458989668625,1692016
2023-02-28,AMZN,141.90992273780043,4730929
2023-03-01,AMZN,141.64630923154897,3791111
2023-03-02,AMZN,141.334406377473,4856694
2023-03-03,AMZN,139.05660482975395,3582685
2023-03-06,AMZN,138.1400138069263,2732499
2023-03-07,AMZN,136.72897649575225,4390735
2023-03-08,AMZN,138.56572048190458,3849911
2023-03-09,AMZN,136.9329790082764,2984659
2023-03-10,AMZN,137.3522022560701,4234197
2023-03-13,AMZN,136.28646520200206,1991481
2023-03-14,AMZN,136.2702318636964,3711369
2023-03-15,AMZN,137.25005888447933,1306965
2023-03-16,AMZN,136.76154965042707,3614651
2023-03-17,AMZN,134.32565415274536,3784933
2023-03-20,AMZN,133.24942671114394,2675300
2023-03-21,AMZN,133.833385000172,4419604
2023-03-22,AMZN,131.4345496344219,2185607
2023-03-23,AMZN,128.64543475617603,2979266
2023-03-24,AMZN,127.59720243549172,3479740
2023-03-27,AMZN,125.57063656176726,2040859
2023-03-28,AMZN,124.90933735871161,2747314
2023-03-29,AMZN,124.2303620528289,1977049
2023-03-30,AMZN,123.53243460509113,1132522
2023-03-31,AMZN,123.35384301104317,3079418
2023-04-03,AMZN,122.44883939128037,4203908
2023-04-04,AMZN,123.24903106682045,1714462
2023-04-05,AMZN,123.90065999104544,2330515
2023-04-06,AMZN,122.53426901566587,3160367
2023-04-07,AMZN,122.66581275751575,1315143
2023-04-10,AMZN,121.46291845667504,4898231
2023-04-11,AMZN,121.55915820436095,1898773
2023-04-12,AMZN,120.56657872281147,4946552
2023-04-13,AMZN,120.14479565141492,2088409
2023-04-14,AMZN,117.6684931625419,4796403
2023-04-17,AMZN,118.34481512274984,1211789
2023-04-18,AMZN,118.98582626107618,4266162
2023-04-19,AMZN,118.71835397990547,4661580
2023-04-20,AMZN,117.15429201767019,3553034
2023-04-21,AMZN,119.2232566651869,1275738
2023-04-24,AMZN,119.46193931126126,1192332
2023-04-25,AMZN,121.31462363484856,2413629
2023-04-26,AMZN,120.47254288772739,1091007
2023-04-27,AMZN,119.57093983785154,1117650
2023-04-28,AMZN,120.35607203827688,3071486
2023-05-01,AMZN,118.6407067773916,2213965
2023-05-02,AMZN,118.08569457401124,2774029
2023-05-03,AMZN,118.44919436991904,2950726
2023-05-04,AMZN,118.43574560564957,3773495
2023-05-05,AMZN,119.00158792822528,1262076
2023-05-08,AMZN,117.9077446829431,3587070
2023-05-09,AMZN,116.60849529616367,1934734
2023-05-10,AMZN,114.33606709546329,2560989
2023-05-11,AMZN,113.81639273822123,2608784
2023-05-12,AMZN,113.61024748491612,3339409
2023-05-15,AMZN,113.43234978608777,3656159
2023-05-16,AMZN,112.55210202106976,2109906
2023-05-17,AMZN,112.57187714137554,3317753
2023-05-18,AMZN,111.49025732946421,2876825
2023-05-19,AMZN,112.92795748888598,4950160
2023-05-22,AMZN,114.1702359974538,2940209
2023-05-23,AMZN,113.58005869513421,2840987
2023-05-24,AMZN,114.18957287394406,2952616
2023-05-25,AMZN,115.0942639467979,2594324
2023-05-26,AMZN,115.72787090802889,3448292
2023-05-29,AMZN,116.63774170537135,2308906
2023-05-30,AMZN,116.51912942006643,2528734
2023-05-31,AMZN,117.77192198518794,4957446
2023-06-01,AMZN,118.73500112363561,3635675
2023-06-02,AMZN,117.07676441339353,1268968
2023-06-05,AMZN,116.37737215686546,4252519
2023-06-06,AMZN,116.15915568849654,2663307
2023-06-07,AMZN,116.40624229101108,4673797
2023-06-08,AMZN,116.6699852744344,4187648
2023-06-09,AMZN,112.93150829602894,4744940
2023-06-12,AMZN,112.53315553057406,2181705
2023-06-13,AMZN,113.01455110831128,4519051
2023-06-14,AMZN,113.42104817964986,4752786
2023-06-15,AMZN,110.71757442204502,3928451
2023-06-16,AMZN,112.26181346764608,2326598
2023-06-19,AMZN,114.33290549065444,4091080
2023-06-20,AMZN,114.09273524217421,2320143
2023-06-21,AMZN,113.46235445884817,2048343
2023-06-22,AMZN,111.84755419337037,4311924
2023-06-23,AMZN,112.99484920274531,4509869
2023-06-26,AMZN,114.41695839548767,4066650
2023-06-27,AMZN,114.6423001523573,3462154
2023-06-28,AMZN,112.6935435009113,1199626
2023-06-29,AMZN,111.89749383873458,3076699
2023-06-30,AMZN,112.55245975557547,1885085
2023-07-03,AMZN,113.46167587535665,4224435
2023-07-04,AMZN,114.19675115708881,2252311
2023-07-05,AMZN,114.19402236976599,4856601
2023-07-06,AMZN,112.9119756065054,4472402
2023-07-07,AMZN,112.35263205396241,2889386
2023-07-10,AMZN,113.5370941227075,4874793
2023-07-11,AMZN,113.37146568889409,1440300
2023-07-12,AMZN,112.8952982835285,4636366
2023-07-13,AMZN,112.62140636937016,1845451
2023-07-14,AMZN,112.8146099364488,1141402
2023-07-17,AMZN,113.75085449452267,4759341
2023-07-18,AMZN,113.24745185673007,3552349
2023-07-19,AMZN,112.83512303028701,1786056
2023-07-20,AMZN,111.59242343512284,2808030
2023-07-21,AMZN,110.16526890464831,1138106
2023-07-24,AMZN,110.40409687942783,3289641
2023-07-25,AMZN,111.50225496916929,4727895
2023-07-26,AMZN,112.29223110521393,4501397
2023-07-27,AMZN,113.36797173703333,2420277
2023-07-28,AMZN,113.77074567808404,4069757
2023-07-31,AMZN,114.59829642404456,3849872
2023-08-01,AMZN,114.03044836943415,3831856
2023-08-02,AMZN,114.42651269585004,2188483
2023-08-03,AMZN,113.8669485699737,2856994
2023-08-04,AMZN,113.98752018058417,3828634
2023-08-07,AMZN,114.84289483842669,3666136
2023-08-08,AMZN,114.4717415829744,2119146
2023-08-09,AMZN,115.03660378776577,3863575
2023-08-10,AMZN,116.08229836638506,1050409
2023-08-11,AMZN,116.9208420261503,2353769
2023-08-14,AMZN,119.87056472478453,4992974
2023-08-15,AMZN,119.50763584441036,2067677
2023-08-16,AMZN,119.21427805055012,3472446
2023-08-17,AMZN,118.6769476035543,2594889
2023-08-18,AMZN,118.5802082277628,2198326
2023-08-21,AMZN,118.42325008065527,2208631
2023-08-22,AMZN,122.61502258972406,1745798
2023-08-23,AMZN,122.02000895052271,1718082
2023-08-24,AMZN,123.16746500365144,2880942
2023-08-25,AMZN,122.2936323558932,2670734
2023-08-28,AMZN,120.72315453050402,1201932
2023-08-29,AMZN,121.18249176980868,4202911
2023-08-30,AMZN,120.66450656089876,3446898
2023-08-31,AMZN,120.63326402125264,3736438
2023-09-01,AMZN,122.30774796207466,3071296
2023-09-04,AMZN,121.11059831584453,2552903
2023-09-05,AMZN,118.28756047093339,1242822
2023-09-06,AMZN,117.1369096814018,3440191
2023-09-07,AMZN,118.4542365206068,1515430
2023-09-08,AMZN,120.23224610476296,3103687
2023-09-11,AMZN,123.24161827755654,3835629
2023-09-12,AMZN,123.42721119006316,3232448
2023-09-13,AMZN,124.97278734475412,2164353
2023-09-14,AMZN,126.84391980251063,3554946
2023-09-15,AMZN,126.45115433643062,3827706
2023-09-18,AMZN,126.34068134496415,3905611
2023-09-19,AMZN,128.6236547304622,3680222
2023-09-20,AMZN,128.3161654712279,1475107
2023-09-21,AMZN,129.88538813715053,4130290
2023-09-22,AMZN,131.59426199061122,4163076
2023-09-25,AMZN,131.3880022660719,4869841
2023-09-26,AMZN,131.15620377590824,4727702
2023-09-27,AMZN,130.76851754576046,4405062
2023-09-28,AMZN,130.5917951652057,4544749
2023-09-29,AMZN,129.84999842579626,3298382
2023-10-02,AMZN,127.99456711804147,2105110
2023-10-03,AMZN,126.24126812793594,2484311
2023-10-04,AMZN,125.34514470835946,1341536
2023-10-05,AMZN,124.09220414395202,1856623
2023-10-06,AMZN,125.25716258489247,1967517
2023-10-09,AMZN,123.89429363584179,1221163
2023-10-10,AMZN,123.94707456986445,3355830
2023-10-11,AMZN,124.51838452029541,2277819
2023-10-12,AMZN,125.58633879059423,3943585
2023-10-13,AMZN,128.4556487735049,1466312
2023-10-16,AMZN,129.44529277047468,2325854
2023-10-17,AMZN,130.16422678730703,1430143
2023-10-18,AMZN,129.58795688994542,1735166
2023-10-19,AMZN,130.364102569757,4675895
2023-10-20,AMZN,130.56425951169805,4894758
2023-10-23,AMZN,130.9859504548772,4570560
2023-10-24,AMZN,130.78060473871665,2043424
2023-10-25,AMZN,131.04974971324796,1360992
2023-10-26,AMZN,129.90273069295367,4097186
2023-10-27,AMZN,130.21177695266917,1627558
2023-10-30,AMZN,129.70731282996616,1973560
2023-10-31,AMZN,128.39382213586586,4888090
2023-11-01,AMZN,129.11462588830574,4514116
2023-11-02,AMZN,130.35375676841502,3578035
2023-11-03,AMZN,132.93413659572008,3930556
2023-11-06,AMZN,134.03279918437764,3265704
2023-11-07,AMZN,132.69133439559005,3222966
2023-11-08,AMZN,133.46741629932615,2368714
2023-11-09,AMZN,132.9377472798119,4137849
2023-11-10,AMZN,132.78606124060494,1080926
2023-11-13,AMZN,129.50160648459706,4346669
2023-11-14,AMZN,130.53228423210854,1753834
2023-11-15,AMZN,130.9689167785024,3660256
2023-11-16,AMZN,133.67974480411098,2632156
2023-11-17,AMZN,132.9070118920383,1363319
2023-11-20,AMZN,131.9724907049106,3918324
2023-11-21,AMZN,132.18345553772812,3291962
2023-11-22,AMZN,131.58362650504773,2599833
2023-11-23,AMZN,131.75906219315974,3139072
2023-11-24,AMZN,130.47587317302668,1790903
2023-11-27,AMZN,130.49408350295903,2382542
2023-11-28,AMZN,132.47995182437265,2540995
2023-11-29,AMZN,133.46764231134213,4420747
2023-11-30,AMZN,134.04273588561935,4208791
2023-12-01,AMZN,135.8851004499949,1108192
2023-12-04,AMZN,138.50686073858216,2629264
2023-12-05,AMZN,135.57543415040635,1977686
2023-12-06,AMZN,134.9399554794828,4302874
2023-12-07,AMZN,135.86744216966875,4336028
2023-12-08,AMZN,134.9692885145669,4926606
2023-12-11,AMZN,134.5852701334657,4917438
2023-12-12,AMZN,133.17909688898507,4480296
2023-12-13,AMZN,134.06806545616013,3729940
2023-12-14,AMZN,134.50713448475818,1800763
2023-12-15,AMZN,135.92332153571908,3868654
2023-12-18,AMZN,138.78957367854417,3683837
2023-12-19,AMZN,139.71275736773714,1222141
2023-12-20,AMZN,143.88163007828308,2987819
2023-12-21,AMZN,141.66569753513505,2258712
2023-12-22,AMZN,139.8722673128078,2439994
2023-12-25,AMZN,139.4015717387653,1101968
2023-12-26,AMZN,138.55927528348846,1054505
2023-12-27,AMZN,138.74478673863126,3383372
2023-12-28,AMZN,139.5898921526642,2816042
2023-12-29,AMZN,140.23410367909182,4913671
